createApp,E:\VedaAI\backend\src\app.ts
envSchema,E:\VedaAI\backend\src\config\env.ts
EnvConfig,E:\VedaAI\backend\src\config\env.ts
config,E:\VedaAI\backend\src\config\index.ts
AssignmentController,E:\VedaAI\backend\src\controllers\assignment.controller.ts
assignmentController,E:\VedaAI\backend\src\controllers\assignment.controller.ts
healthCheck,E:\VedaAI\backend\src\controllers\health.controller.ts
AssignmentJobData,E:\VedaAI\backend\src\jobs\assignment.job.ts
PDFJobData,E:\VedaAI\backend\src\jobs\pdf.job.ts
CacheService,E:\VedaAI\backend\src\lib\cache.ts
cacheService,E:\VedaAI\backend\src\lib\cache.ts
gemini,E:\VedaAI\backend\src\lib\gemini.ts
geminiModel,E:\VedaAI\backend\src\lib\gemini.ts
redis,E:\VedaAI\backend\src\lib\redis.ts
errorHandler,E:\VedaAI\backend\src\middlewares\errorHandler.ts
globalRateLimiter,E:\VedaAI\backend\src\middlewares\security.middleware.ts
generationRateLimiter,E:\VedaAI\backend\src\middlewares\security.middleware.ts
requestIdMiddleware,E:\VedaAI\backend\src\middlewares\security.middleware.ts
sanitizeMiddleware,E:\VedaAI\backend\src\middlewares\security.middleware.ts
validate,E:\VedaAI\backend\src\middlewares\validate.ts
ASSIGNMENT_STATUS,E:\VedaAI\backend\src\models\assignment.model.ts
AssignmentStatus,E:\VedaAI\backend\src\models\assignment.model.ts
IAssignment,E:\VedaAI\backend\src\models\assignment.model.ts
Assignment,E:\VedaAI\backend\src\models\assignment.model.ts
IGeneratedPaper,E:\VedaAI\backend\src\models\generated-paper.model.ts
GeneratedPaper,E:\VedaAI\backend\src\models\generated-paper.model.ts
JOB_STATUS,E:\VedaAI\backend\src\models\job-tracking.model.ts
JobStatus,E:\VedaAI\backend\src\models\job-tracking.model.ts
IJobTracking,E:\VedaAI\backend\src\models\job-tracking.model.ts
JobTracking,E:\VedaAI\backend\src\models\job-tracking.model.ts
assignmentQueue,E:\VedaAI\backend\src\queues\index.ts
pdfQueue,E:\VedaAI\backend\src\queues\index.ts
AssignmentRepository,E:\VedaAI\backend\src\repositories\assignment.repository.ts
assignmentRepository,E:\VedaAI\backend\src\repositories\assignment.repository.ts
router,E:\VedaAI\backend\src\routes\assignment.route.ts
router,E:\VedaAI\backend\src\routes\health.route.ts
router,E:\VedaAI\backend\src\routes\index.ts
AIService,E:\VedaAI\backend\src\services\ai.service.ts
aiService,E:\VedaAI\backend\src\services\ai.service.ts
AssignmentService,E:\VedaAI\backend\src\services\assignment.service.ts
assignmentService,E:\VedaAI\backend\src\services\assignment.service.ts
PDFService,E:\VedaAI\backend\src\services\pdf.service.ts
pdfService,E:\VedaAI\backend\src\services\pdf.service.ts
AppError,E:\VedaAI\backend\src\types\index.ts
asyncHandler,E:\VedaAI\backend\src\types\index.ts
logger,E:\VedaAI\backend\src\utils\logger.ts
QuestionSchema,E:\VedaAI\backend\src\validators\ai.validator.ts
SectionSchema,E:\VedaAI\backend\src\validators\ai.validator.ts
GeneratedPaperSchema,E:\VedaAI\backend\src\validators\ai.validator.ts
GeneratedPaperType,E:\VedaAI\backend\src\validators\ai.validator.ts
QuestionType,E:\VedaAI\backend\src\validators\ai.validator.ts
SectionType,E:\VedaAI\backend\src\validators\ai.validator.ts
createAssignmentSchema,E:\VedaAI\backend\src\validators\assignment.validator.ts
CreateAssignmentInput,E:\VedaAI\backend\src\validators\assignment.validator.ts
initQueueEvents,E:\VedaAI\backend\src\websocket\events.ts
initWebSocket,E:\VedaAI\backend\src\websocket\index.ts
getIO,E:\VedaAI\backend\src\websocket\index.ts
startAssignmentWorker,E:\VedaAI\backend\src\workers\assignment.worker.ts
startPDFWorker,E:\VedaAI\backend\src\workers\pdf.worker.ts
